NOM;PRENOM;service;
CHEUVAN;Marie Alice;CONCEPTION;
PREHEM-TORTA;Pierric;CONCEPTION;
QUETEBOEUFS;Esmeralda;CONCEPTION;
BRAEUX;Salvatore;CONCEPTION;
REPSODE;Yann;CONCEPTION;
GHRASSA;Christiane;CONCEPTION;
NWONWU;Fatiha;CONCEPTION;
BROUERD;Fatiha;CONCEPTION;
BEYREMOGLU;Corinne;CONCEPTION;
MAOT;Denise;CONCEPTION;
LAMONE;John;CONCEPTION;
MOROGLU;Farid;CONCEPTION;
PEALLET;Nadège;CONCEPTION;
DEMECON;tante;CONCEPTION;
GOMES EDUERDO;Yvan;PRODUCTION;A
BENOAT;Vincent;PRODUCTION;A
NEAL;Erminda;PRODUCTION;A
SEBEE;Vincent;PRODUCTION;A
DEUPHAN;Laurence;PRODUCTION;A
HEMEDE;Yamina;PRODUCTION;A
DERON;Jérôme;PRODUCTION;A
MERGOT;Myriam;PRODUCTION;A
ROUSSEEU;Ali-Osman;PRODUCTION;A
CHEMBRAN;Sandrine;PRODUCTION;A
DJEDJE YOHOU;Joao Fernando;PRODUCTION;A
DAEBY;Virgil;PRODUCTION;A
BERBASSOU;Farid;PRODUCTION;A
QUETEBOEUFS;Roland;PRODUCTION;A
BECF;Khemais;PRODUCTION;A
CHRASTEAN;Yamina;PRODUCTION;A
DAMBEMBU;Marie Laur;PRODUCTION;A
FOFENE;Esther;PRODUCTION;A
BECF;Michelle;PRODUCTION;A
BOURET;Dalila;PRODUCTION;A
DZEBETOU-ECFO;Luis;PRODUCTION;A
AGHALEHRAZ;Cedric;PRODUCTION;A
PREHEM-TORTA;Viviane;PRODUCTION;A
SOLER;Jeanlou;PRODUCTION;A
DOUHEBA;Joao;PRODUCTION;A
PERASY;Frédérique;PRODUCTION;B
GRAGNON;Latha;PRODUCTION;B
BREENT MACHEL;Agnes;PRODUCTION;B
CHEPASEEU;Pierre Marc;PRODUCTION;B
ELAPOUR-EZEDEH;Benamar;PRODUCTION;B
RESOEVETSERE;Hélène;PRODUCTION;B
ELEXENDRE;Jeanine;PRODUCTION;B
DZEFEROVAC EUGUAN;Thérésia;PRODUCTION;B
BRAERE;Valerie;PRODUCTION;B
DOMANGUES VAEARE;Georges;PRODUCTION;B
GONZELVES;Abdelkader;PRODUCTION;B
LAVOLSA;Maïmouna;PRODUCTION;B
MEZERD;Jean-Eddy;PRODUCTION;B
GODOU;Lassaad;PRODUCTION;B
BLEASE;Kathia;PRODUCTION;B
BAGUEREEU;Marie Ange;PRODUCTION;B
LEDEUPHAN;Karine;PRODUCTION;B
EME;Marie-Luc;INFORMATIQUE;
DORENGE;Marine;INFORMATIQUE;
THARENT;Alvaro;INFORMATIQUE;
BENTELEB;John;INFORMATIQUE;
